PLAYER,TEAM,MIN,AST per game,AST per 75 poss,Wght AST per game,Wght AST per 75 poss,Wght AST per touch,Wght AST per 75 touches,AST Value
Aaron Gordon,ORL,2567.0,3.67,4.07,3.99,4.42,0.07,5.49,1.09
Aaron Holiday,IND,646.0,1.74,4.82,1.88,5.2,0.08,6.14,1.08
Abdel Nader,OKC,686.0,0.33,1.02,0.34,1.04,0.03,2.48,1.02
Al Horford,BOS,1973.0,4.16,5.24,4.61,5.79,0.08,6.06,1.11
Al-Farouq Aminu,POR,2292.0,1.28,1.64,1.44,1.85,0.04,3.01,1.13
Alec Burks,SAC,1375.0,2.0,3.45,2.21,3.82,0.06,4.65,1.11
Alex Len,ATL,1544.0,1.12,1.92,1.23,2.12,0.03,2.5,1.1
Alfonzo McKinnie,GSW,1003.0,0.43,1.1,0.42,1.09,0.02,1.78,0.99
Allen Crabbe,BKN,1133.0,1.07,1.45,1.16,1.58,0.04,2.74,1.09
Allonzo Trier,NYK,1435.0,1.84,2.97,2.1,3.38,0.06,4.56,1.14
Andre Drummond,DET,2647.0,1.42,1.57,1.55,1.72,0.03,2.16,1.09
Andre Iguodala,GSW,1578.0,3.18,4.9,3.5,5.39,0.09,6.84,1.1
Andrew Wiggins,MIN,2543.0,2.52,2.62,2.63,2.72,0.05,4.11,1.04
Ante Zizic,CLE,1082.0,0.9,1.82,1.02,2.07,0.04,3.35,1.13
Anthony Davis,NOP,1850.0,3.89,4.15,4.24,4.52,0.06,4.31,1.09
Anthony Tolliver,MIN,1079.0,0.71,1.54,0.73,1.58,0.03,2.47,1.03
Antonio Blakeney,CHI,829.0,0.74,1.85,0.78,1.95,0.05,3.62,1.05
Aron Baynes,BOS,821.0,1.12,2.51,1.14,2.57,0.05,3.6,1.02
Austin Rivers,HOU,2028.0,2.2,3.0,2.34,3.19,0.07,5.12,1.06
Avery Bradley,MEM,1905.0,2.41,2.9,2.81,3.37,0.08,6.01,1.17
Bam Adebayo,MIA,1913.0,2.24,3.58,2.42,3.85,0.07,5.26,1.08
Ben Simmons,PHI,2664.0,7.71,7.97,8.87,9.17,0.1,7.64,1.15
Bismack Biyombo,CHA,782.0,0.61,1.6,0.71,1.86,0.03,2.14,1.16
Blake Griffin,DET,2622.0,5.36,5.67,5.63,5.95,0.06,4.77,1.05
Boban Marjanovic,PHI,681.0,0.93,2.83,1.04,3.15,0.05,3.57,1.11
Bobby Portis,WAS,1276.0,1.45,2.0,1.63,2.25,0.03,2.41,1.12
Bogdan Bogdanovic,SAC,1947.0,3.81,4.89,4.11,5.27,0.08,5.65,1.08
Bojan Bogdanovic,IND,2573.0,1.99,2.31,2.22,2.58,0.05,3.88,1.12
Bradley Beal,WAS,2988.0,5.48,5.25,6.27,6.0,0.08,6.32,1.14
Brandon Ingram,LAL,1761.0,2.96,3.07,3.52,3.65,0.06,4.4,1.19
Brandon Knight,CLE,737.0,1.82,3.6,2.03,4.02,0.06,4.75,1.12
Brook Lopez,MIL,2322.0,1.21,1.48,1.33,1.62,0.04,2.72,1.1
Bruce Brown,DET,1449.0,1.23,2.36,1.28,2.46,0.05,4.1,1.04
Bruno Caboclo,MEM,800.0,1.47,2.32,1.54,2.43,0.05,3.54,1.05
Bryn Forbes,SAS,2293.0,2.13,2.85,2.13,2.84,0.06,4.25,1.0
Buddy Hield,SAC,2615.0,2.5,2.73,2.77,3.03,0.05,3.72,1.11
CJ McCollum,POR,2375.0,2.96,3.15,3.53,3.75,0.07,4.96,1.19
CJ Miles,MEM,857.0,0.68,1.49,0.8,1.75,0.04,3.09,1.18
Cameron Payne,CLE,712.0,2.65,5.39,2.88,5.86,0.08,5.95,1.09
Caris LeVert,BKN,1063.0,3.9,5.29,4.27,5.79,0.09,6.74,1.09
Cedi Osman,CLE,2444.0,2.57,2.99,2.76,3.21,0.05,4.02,1.08
Chandler Hutchison,CHI,895.0,0.77,1.39,0.88,1.58,0.03,2.5,1.13
Chasson Randle,WAS,720.0,1.98,4.7,2.09,4.95,0.07,5.41,1.05
Cheick Diallo,NOP,896.0,0.52,1.28,0.57,1.4,0.02,1.76,1.1
Chris Paul,HOU,1857.0,8.16,9.37,9.37,10.76,0.13,10.0,1.15
Clint Capela,HOU,2249.0,1.43,1.6,1.54,1.71,0.03,1.93,1.07
Cody Zeller,CHA,1243.0,2.08,2.98,2.11,3.03,0.04,3.18,1.02
Collin Sexton,CLE,2605.0,2.96,3.47,3.24,3.8,0.05,3.66,1.09
Cory Joseph,IND,2063.0,3.91,5.78,4.27,6.31,0.08,6.23,1.09
Cristiano Felicio,CHI,746.0,0.62,1.81,0.62,1.81,0.03,2.21,1.0
D'Angelo Russell,BKN,2448.0,6.95,8.25,8.38,9.95,0.11,8.03,1.21
D.J. Augustin,ORL,2202.0,5.3,6.93,5.72,7.48,0.1,7.16,1.08
D.J. Wilson,MIL,882.0,1.08,2.08,1.08,2.07,0.04,2.86,1.0
Damian Lillard,POR,2838.0,6.89,7.0,8.19,8.32,0.1,7.56,1.19
Damyean Dotson,NYK,1978.0,1.85,2.46,1.98,2.63,0.05,4.03,1.07
Daniel Theis,BOS,908.0,1.03,2.71,1.08,2.83,0.05,3.63,1.04
Danilo Gallinari,LAC,2059.0,2.62,3.11,2.91,3.46,0.05,3.66,1.11
Danny Green,TOR,2215.0,1.58,2.06,1.68,2.2,0.05,3.63,1.07
Dante Cunningham,SAS,928.0,0.78,1.97,0.76,1.93,0.04,2.79,0.98
Dante Exum,UTA,648.0,2.66,5.99,3.11,7.01,0.09,7.1,1.17
Danuel House Jr.,HOU,979.0,1.03,1.5,1.23,1.8,0.05,3.58,1.2
Dario Saric,MIN,2022.0,1.57,2.26,1.73,2.5,0.04,2.87,1.11
Darius Miller,NOP,1757.0,2.12,2.92,2.38,3.28,0.08,6.07,1.12
Darren Collison,IND,2143.0,6.04,7.9,6.34,8.29,0.1,7.46,1.05
David Nwaba,CLE,984.0,1.06,2.07,1.12,2.19,0.05,3.95,1.06
Davis Bertans,SAS,1632.0,1.32,2.23,1.42,2.41,0.04,3.24,1.08
De'Aaron Fox,SAC,2546.0,7.28,8.02,8.12,8.93,0.1,7.82,1.11
De'Anthony Melton,PHX,984.0,3.18,5.8,3.5,6.39,0.08,5.76,1.1
DeAndre Jordan,NYK,2047.0,2.26,2.79,2.45,3.02,0.05,3.75,1.08
DeAndre' Bembry,ATL,1931.0,2.46,3.65,2.95,4.38,0.09,6.57,1.2
DeMar DeRozan,SAS,2688.0,6.17,6.58,6.14,6.55,0.1,7.69,1.0
DeMarcus Cousins,GSW,771.0,3.57,4.98,3.71,5.18,0.07,5.02,1.04
DeMarre Carroll,BKN,1703.0,1.27,1.8,1.42,2.01,0.04,2.94,1.12
Deandre Ayton,PHX,2183.0,1.76,2.08,1.83,2.16,0.04,2.68,1.04
Delon Wright,MEM,1698.0,3.31,5.32,3.46,5.57,0.07,5.41,1.05
Dennis Schroder,OKC,2288.0,4.12,4.93,4.82,5.77,0.09,6.55,1.17
Dennis Smith Jr.,NYK,1508.0,4.75,6.06,5.28,6.73,0.07,5.51,1.11
Derrick Favors,UTA,1742.0,1.16,1.84,1.4,2.22,0.03,2.61,1.21
Derrick Jones Jr.,MIA,1154.0,0.62,1.21,0.67,1.31,0.03,2.04,1.09
Derrick Rose,MIN,1392.0,4.31,5.61,4.88,6.35,0.09,6.96,1.13
Derrick White,SAS,1728.0,3.93,5.71,4.09,5.95,0.08,6.0,1.04
Devin Booker,PHX,2242.0,6.77,6.91,7.6,7.77,0.1,7.53,1.12
Devin Harris,DAL,1071.0,1.79,4.22,1.98,4.67,0.08,5.84,1.1
Devonte' Graham,CHA,676.0,2.63,6.58,2.81,7.04,0.09,6.74,1.07
Dewayne Dedmon,ATL,1609.0,1.41,1.99,1.63,2.31,0.04,2.67,1.16
Dion Waiters,MIA,1138.0,2.75,3.98,3.13,4.53,0.07,5.14,1.14
Dirk Nowitzki,DAL,795.0,0.69,1.61,0.75,1.77,0.03,2.13,1.1
Domantas Sabonis,IND,1838.0,2.86,4.27,3.04,4.53,0.05,3.55,1.06
Donovan Mitchell,UTA,2564.0,4.22,4.47,4.82,5.1,0.08,5.85,1.14
Dorian Finney-Smith,DAL,1985.0,1.17,1.76,1.24,1.87,0.04,3.02,1.06
Doug McDermott,IND,1340.0,0.87,1.84,0.96,2.04,0.05,3.64,1.11
Dragan Bender,PHX,826.0,1.22,2.42,1.36,2.7,0.04,3.08,1.12
Draymond Green,GSW,2065.0,6.88,7.82,7.44,8.46,0.11,7.97,1.08
Dwayne Bacon,CHA,759.0,1.09,2.3,1.17,2.47,0.05,4.06,1.07
Dwight Powell,DAL,1663.0,1.45,2.48,1.53,2.62,0.04,3.21,1.06
Dwyane Wade,MIA,1885.0,4.18,5.81,4.67,6.49,0.09,6.38,1.12
E'Twaun Moore,NOP,1463.0,1.92,2.47,2.09,2.68,0.06,4.15,1.08
Ed Davis,BKN,1446.0,0.75,1.55,0.77,1.59,0.02,1.8,1.03
Elfrid Payton,NOP,1250.0,7.62,8.9,8.44,9.85,0.12,8.83,1.11
Elie Okobo,PHX,958.0,2.4,4.85,2.56,5.18,0.06,4.34,1.07
Emmanuel Mudiay,NYK,1576.0,3.9,5.15,4.54,6.0,0.07,5.06,1.17
Enes Kanter,POR,1639.0,1.73,2.59,1.8,2.69,0.04,2.95,1.04
Eric Bledsoe,MIL,2272.0,5.51,6.64,6.33,7.63,0.11,8.45,1.15
Eric Gordon,HOU,2158.0,1.9,2.2,2.07,2.4,0.05,4.0,1.09
Ersan Ilyasova,MIL,1231.0,0.78,1.5,0.87,1.68,0.03,2.33,1.13
Evan Fournier,ORL,2490.0,3.68,4.28,3.93,4.57,0.09,6.8,1.07
Evan Turner,POR,1606.0,3.88,6.47,4.22,7.03,0.09,6.51,1.09
Frank Jackson,NOP,1169.0,1.13,2.03,1.19,2.14,0.04,3.23,1.05
Frank Kaminsky,CHA,755.0,1.34,3.04,1.46,3.31,0.04,3.26,1.09
Frank Ntilikina,NYK,887.0,2.83,4.88,3.13,5.4,0.08,5.83,1.11
Fred VanVleet,TOR,1760.0,4.8,6.41,5.07,6.77,0.09,6.77,1.06
Furkan Korkmaz,PHI,679.0,1.08,2.71,1.2,3.01,0.06,4.78,1.11
Garrett Temple,LAC,2041.0,1.41,1.93,1.56,2.13,0.04,3.24,1.1
Gary Clark,HOU,641.0,0.35,1.03,0.44,1.29,0.03,2.46,1.25
Gary Harris,DEN,1639.0,2.23,2.85,2.52,3.23,0.07,5.27,1.13
George Hill,MIL,1302.0,2.25,3.78,2.52,4.23,0.07,5.07,1.12
Gerald Green,HOU,1473.0,0.55,1.0,0.62,1.14,0.03,1.92,1.14
Giannis Antetokounmpo,MIL,2358.0,5.89,6.29,6.35,6.78,0.08,5.77,1.08
Glenn Robinson III,DET,610.0,0.45,1.28,0.52,1.5,0.03,2.12,1.17
Goran Dragic,MIA,991.0,4.83,6.29,5.62,7.32,0.1,7.16,1.16
Gordon Hayward,BOS,1863.0,3.39,4.71,3.79,5.27,0.08,6.26,1.12
Gorgui Dieng,MIN,1031.0,0.95,2.54,1.03,2.77,0.04,3.03,1.09
Harrison Barnes,SAC,2533.0,1.49,1.62,1.68,1.83,0.03,2.48,1.12
Harry Giles III,SAC,820.0,1.47,3.63,1.72,4.25,0.07,5.49,1.17
Hassan Whiteside,MIA,1674.0,0.78,1.24,0.75,1.21,0.02,1.82,0.97
Ian Clark,NOP,973.0,1.57,3.37,1.76,3.79,0.06,4.84,1.12
Iman Shumpert,HOU,1481.0,1.81,2.67,2.01,2.97,0.07,5.05,1.11
Isaiah Canaan,MIL,628.0,2.8,4.95,2.83,5.01,0.06,4.67,1.01
Ish Smith,DET,1251.0,3.62,6.06,4.07,6.79,0.08,5.67,1.12
Ivan Rabb,MEM,721.0,1.1,2.82,1.31,3.36,0.05,3.77,1.19
Ivica Zubac,LAC,1039.0,1.07,2.14,1.05,2.1,0.03,2.27,0.98
J.J. Barea,DAL,752.0,5.55,10.11,6.67,12.14,0.11,8.37,1.2
JJ Redick,PHI,2346.0,2.73,3.04,3.01,3.35,0.07,5.53,1.1
JaMychal Green,LAC,1371.0,0.77,1.33,0.87,1.51,0.02,1.71,1.13
JaVale McGee,LAL,1671.0,0.69,1.09,0.78,1.23,0.02,1.79,1.12
Jabari Parker,WAS,1720.0,2.4,3.15,2.78,3.66,0.05,3.5,1.16
Jae Crowder,UTA,2140.0,1.68,2.2,1.96,2.56,0.04,2.86,1.17
Jahlil Okafor,NOP,935.0,0.68,1.52,0.69,1.54,0.02,1.87,1.01
Jake Layman,POR,1327.0,0.75,1.45,0.84,1.64,0.04,2.9,1.13
Jakob Poeltl,SAS,1273.0,1.21,2.7,1.09,2.44,0.04,3.22,0.9
Jalen Brunson,DAL,1591.0,3.15,5.3,3.4,5.73,0.07,5.57,1.08
Jamal Crawford,PHX,1211.0,3.58,6.7,4.19,7.84,0.11,8.31,1.17
Jamal Murray,DEN,2447.0,4.84,5.5,5.32,6.04,0.07,5.19,1.1
James Ennis III,PHI,1230.0,0.71,1.23,0.77,1.35,0.04,3.04,1.1
James Harden,HOU,2867.0,7.51,7.61,9.03,9.14,0.1,7.76,1.2
James Johnson,MIA,1164.0,2.45,4.31,2.66,4.68,0.07,5.22,1.09
Jared Dudley,BKN,1220.0,1.41,2.5,1.61,2.86,0.04,3.31,1.14
Jaren Jackson Jr.,MEM,1515.0,1.1,1.62,1.18,1.73,0.03,2.19,1.07
Jarrett Allen,BKN,2096.0,1.38,1.88,1.38,1.89,0.03,2.44,1.01
Jaylen Brown,BOS,1913.0,1.35,1.89,1.46,2.04,0.05,3.43,1.08
Jayson Tatum,BOS,2455.0,2.13,2.49,2.26,2.65,0.05,3.73,1.06
Jeff Green,WAS,2076.0,1.79,2.34,2.08,2.72,0.05,3.98,1.16
Jeff Teague,MIN,1264.0,8.17,9.74,9.18,10.95,0.13,9.87,1.12
Jerami Grant,OKC,2578.0,0.99,1.06,1.06,1.13,0.02,1.57,1.07
Jeremy Lamb,CHA,2250.0,2.18,2.81,2.6,3.37,0.06,4.63,1.2
Jeremy Lin,TOR,1436.0,3.12,5.61,3.46,6.22,0.08,5.97,1.11
Jerian Grant,ORL,910.0,2.6,6.16,2.71,6.41,0.09,6.49,1.04
Jerryd Bayless,MIN,657.0,3.5,6.73,3.85,7.39,0.09,6.54,1.1
Jimmy Butler,PHI,2147.0,4.05,4.32,4.35,4.64,0.08,6.1,1.07
Joakim Noah,MEM,693.0,2.12,4.8,2.32,5.26,0.06,4.39,1.1
Joe Harris,BKN,2294.0,2.38,2.82,2.87,3.4,0.06,4.69,1.21
Joe Ingles,UTA,2534.0,5.73,6.62,7.04,8.13,0.13,9.48,1.23
Joel Embiid,PHI,2121.0,3.62,3.86,3.66,3.91,0.04,3.16,1.01
John Collins,ATL,1828.0,1.98,2.32,2.14,2.5,0.03,2.43,1.08
John Wall,WAS,1104.0,8.72,8.85,9.61,9.76,0.12,8.7,1.1
Jonah Bolden,PHI,626.0,0.91,2.2,0.99,2.4,0.04,2.81,1.09
Jonas Jerebko,GSW,1218.0,1.32,2.84,1.33,2.87,0.04,3.36,1.01
Jonas Valanciunas,MEM,1091.0,1.43,2.32,1.54,2.5,0.03,2.26,1.08
Jonathan Isaac,ORL,1937.0,1.07,1.49,1.13,1.57,0.02,1.84,1.06
Jonathon Simmons,PHI,1022.0,2.33,4.39,2.51,4.72,0.1,7.28,1.08
Jordan Bell,GSW,788.0,1.12,3.51,1.21,3.81,0.05,4.06,1.09
Jordan Clarkson,CLE,2215.0,2.42,3.29,2.64,3.59,0.06,4.35,1.09
Jose Calderon,DET,632.0,2.35,6.69,2.67,7.63,0.09,6.44,1.14
Josh Hart,LAL,1715.0,1.39,1.89,1.6,2.18,0.05,3.92,1.15
Josh Jackson,PHX,1988.0,2.32,3.32,2.76,3.95,0.07,5.12,1.19
Josh Okogie,MIN,1757.0,1.23,1.84,1.4,2.09,0.06,4.47,1.14
Josh Richardson,MIA,2539.0,4.08,4.36,4.51,4.82,0.07,5.02,1.11
Jrue Holiday,NOP,2402.0,7.73,7.58,8.93,8.75,0.1,7.76,1.15
Juancho Hernangomez,DEN,1358.0,0.79,1.5,0.88,1.67,0.04,2.88,1.12
Julius Randle,NOP,2232.0,3.14,3.61,3.38,3.89,0.06,4.26,1.08
Justin Holiday,MEM,2568.0,1.78,2.07,1.99,2.31,0.05,4.07,1.12
Justin Jackson,DAL,1613.0,1.19,2.12,1.31,2.34,0.05,3.89,1.1
Justise Winslow,MIA,1960.0,4.27,5.31,4.85,6.03,0.07,5.25,1.13
Jusuf Nurkic,POR,1974.0,3.24,4.25,3.57,4.69,0.06,4.5,1.1
Karl-Anthony Towns,MIN,2545.0,3.36,3.67,3.89,4.25,0.05,3.98,1.16
Kawhi Leonard,TOR,2040.0,3.32,3.55,3.56,3.81,0.06,4.67,1.07
Kelly Olynyk,MIA,1812.0,1.77,2.85,2.1,3.38,0.05,3.39,1.18
Kelly Oubre Jr.,PHX,1935.0,1.22,1.53,1.4,1.77,0.04,2.71,1.15
Kemba Walker,CHA,2863.0,5.9,6.22,6.61,6.96,0.08,5.86,1.12
Kenneth Faried,HOU,728.0,0.54,0.99,0.61,1.11,0.02,1.39,1.12
Kenrich Williams,NOP,1079.0,1.8,2.68,1.93,2.86,0.06,4.39,1.07
Kent Bazemore,ATL,1643.0,2.27,3.21,2.69,3.81,0.07,5.47,1.18
Kentavious Caldwell-Pope,LAL,2035.0,1.34,1.91,1.61,2.29,0.05,3.45,1.2
Kevin Durant,GSW,2702.0,5.86,6.0,6.39,6.54,0.09,6.89,1.09
Kevin Huerter,ATL,2049.0,2.85,3.66,3.19,4.08,0.1,7.84,1.12
Kevin Knox II,NYK,2127.0,1.09,1.37,1.26,1.57,0.03,2.26,1.15
Kevon Looney,GSW,1481.0,1.54,2.98,1.6,3.09,0.06,4.26,1.04
Khem Birch,ORL,643.0,0.76,2.16,0.77,2.19,0.04,3.13,1.01
Khris Middleton,MIL,2393.0,4.3,4.84,5.0,5.63,0.09,6.74,1.16
Klay Thompson,GSW,2652.0,2.38,2.52,2.78,2.93,0.06,4.5,1.16
Kris Dunn,CHI,1364.0,6.11,7.35,6.69,8.04,0.1,7.21,1.1
Kyle Anderson,MEM,1282.0,2.98,3.81,3.38,4.33,0.08,5.69,1.14
Kyle Korver,UTA,1317.0,1.17,2.17,1.44,2.67,0.07,4.9,1.23
Kyle Kuzma,LAL,2314.0,2.54,2.69,2.81,2.98,0.06,4.2,1.11
Kyle Lowry,TOR,2213.0,8.68,9.17,9.65,10.19,0.12,8.98,1.11
Kyrie Irving,BOS,2214.0,6.93,7.48,7.18,7.76,0.09,7.01,1.04
LaMarcus Aldridge,SAS,2687.0,2.4,2.69,2.3,2.58,0.04,3.06,0.96
Lance Stephenson,LAL,1123.0,2.06,4.34,2.35,4.94,0.08,6.25,1.14
Lance Thomas,NYK,783.0,0.59,1.26,0.62,1.34,0.03,2.0,1.06
Landry Shamet,LAC,1787.0,1.49,2.31,1.67,2.6,0.07,4.97,1.13
Langston Galloway,DET,1745.0,1.06,1.8,1.21,2.04,0.05,3.79,1.14
Larry Nance Jr.,CLE,1795.0,3.19,4.49,3.36,4.72,0.07,5.21,1.05
Lauri Markkanen,CHI,1654.0,1.47,1.65,1.7,1.9,0.03,1.93,1.16
LeBron James,LAL,1937.0,8.25,8.22,9.66,9.62,0.11,8.52,1.17
Lonzo Ball,LAL,1423.0,5.43,6.26,6.44,7.43,0.1,7.49,1.19
Lou Williams,LAC,1993.0,5.36,7.0,6.4,8.36,0.11,8.27,1.19
Luka Doncic,DAL,2318.0,5.96,6.75,6.97,7.89,0.08,6.24,1.17
Luke Kennard,DET,1437.0,1.81,2.99,2.16,3.56,0.07,5.09,1.19
Luke Kornet,NYK,750.0,1.16,2.48,1.25,2.69,0.04,3.11,1.08
Malcolm Brogdon,MIL,1832.0,3.2,3.96,3.64,4.5,0.07,5.22,1.14
Malik Beasley,DEN,1879.0,1.2,1.89,1.42,2.25,0.06,4.3,1.19
Malik Monk,CHA,1258.0,1.6,3.35,1.99,4.15,0.09,6.48,1.24
Marc Gasol,TOR,2436.0,4.42,5.41,4.88,5.98,0.07,4.95,1.1
Marcin Gortat,LAC,750.0,1.38,3.18,1.39,3.2,0.04,2.99,1.0
Marco Belinelli,SAS,1815.0,1.67,2.64,1.76,2.77,0.05,4.11,1.05
Marcus Morris Sr.,BOS,2091.0,1.45,1.89,1.6,2.09,0.04,2.74,1.1
Marcus Smart,BOS,2200.0,4.01,5.34,4.37,5.81,0.09,7.03,1.09
Mario Hezonja,NYK,1187.0,1.53,2.67,1.97,3.44,0.05,3.84,1.29
Markieff Morris,OKC,1271.0,1.36,2.22,1.58,2.58,0.05,3.73,1.16
Marvin Bagley III,SAC,1568.0,1.0,1.4,1.02,1.42,0.03,1.94,1.02
Marvin Williams,CHA,2133.0,1.23,1.59,1.25,1.61,0.03,2.52,1.02
Mason Plumlee,DEN,1731.0,2.96,5.26,3.16,5.6,0.08,6.19,1.06
Matthew Dellavedova,CLE,812.0,3.77,8.19,4.3,9.33,0.11,8.27,1.14
Maurice Harkless,POR,1415.0,1.23,1.88,1.31,2.0,0.05,3.38,1.06
Maxi Kleber,DAL,1502.0,0.99,1.73,1.11,1.95,0.03,2.34,1.13
Meyers Leonard,POR,878.0,1.23,3.16,1.32,3.39,0.05,3.9,1.07
Michael Kidd-Gilchrist,CHA,1179.0,0.95,1.92,1.17,2.35,0.05,3.42,1.23
Mikal Bridges,PHX,2417.0,2.11,2.58,2.37,2.9,0.06,4.75,1.13
Mike Conley,MEM,2342.0,6.41,7.21,7.36,8.27,0.09,6.63,1.15
Mike Muscala,LAL,1288.0,1.19,2.05,1.42,2.45,0.04,2.83,1.2
Mike Scott,PHI,1396.0,0.84,1.67,0.87,1.73,0.03,2.51,1.04
Miles Bridges,CHA,1696.0,1.19,2.05,1.37,2.36,0.05,3.9,1.15
Mitchell Robinson,NYK,1350.0,0.57,1.0,0.54,0.94,0.02,1.71,0.94
Mo Bamba,ORL,733.0,0.78,1.9,0.83,2.04,0.03,2.38,1.07
Monte Morris,DEN,1970.0,3.62,5.62,3.86,5.98,0.07,5.41,1.06
Montrezl Harrell,LAC,2158.0,1.98,2.65,2.16,2.9,0.04,3.37,1.09
Myles Turner,IND,2119.0,1.55,2.02,1.64,2.13,0.03,2.44,1.06
Nemanja Bjelica,SAC,1788.0,1.91,2.88,2.16,3.26,0.05,4.08,1.13
Nerlens Noel,OKC,1043.0,0.59,1.54,0.68,1.76,0.03,2.39,1.14
Nicolas Batum,CHA,2354.0,3.29,3.86,3.55,4.17,0.08,6.05,1.08
Nik Stauskas,CLE,1015.0,1.19,2.92,1.35,3.31,0.07,4.95,1.14
Nikola Jokic,DEN,2504.0,7.25,8.6,7.86,9.32,0.08,6.3,1.08
Nikola Mirotic,MIL,1245.0,1.2,1.53,1.33,1.7,0.03,2.06,1.12
Nikola Vucevic,ORL,2447.0,3.85,4.51,4.39,5.15,0.06,4.67,1.14
Noah Vonleh,NYK,1697.0,1.91,2.73,1.95,2.78,0.04,2.97,1.02
Norman Powell,TOR,1126.0,1.52,2.89,1.65,3.15,0.06,4.55,1.09
OG Anunoby,TOR,1352.0,0.7,1.25,0.82,1.46,0.03,2.52,1.17
Omari Spellman,ATL,805.0,1.02,2.03,1.19,2.37,0.04,2.72,1.17
Otto Porter Jr.,CHI,1649.0,2.18,2.54,2.65,3.08,0.06,4.57,1.22
P.J. Tucker,HOU,2802.0,1.17,1.28,1.32,1.44,0.04,2.78,1.13
Pascal Siakam,TOR,2548.0,3.1,3.53,3.45,3.93,0.06,4.38,1.11
Pat Connaughton,MIL,1261.0,2.0,3.41,2.18,3.71,0.07,5.37,1.09
Patrick Beverley,LAC,2137.0,3.85,5.04,4.36,5.71,0.09,6.69,1.13
Patrick Patterson,OKC,847.0,0.48,1.27,0.54,1.43,0.03,2.13,1.12
Patty Mills,SAS,1908.0,2.99,4.63,3.15,4.87,0.07,5.52,1.05
Paul George,OKC,2801.0,4.12,3.94,4.9,4.68,0.08,6.15,1.19
Paul Millsap,DEN,1895.0,2.01,2.75,2.23,3.05,0.05,4.03,1.11
Quinn Cook,GSW,1059.0,1.57,4.01,1.64,4.2,0.05,3.73,1.05
Rajon Rondo,LAL,1369.0,7.98,9.42,8.75,10.33,0.12,9.2,1.1
Reggie Bullock,LAL,1879.0,2.05,2.49,2.15,2.61,0.06,4.14,1.05
Reggie Jackson,DET,2289.0,4.2,5.6,4.9,6.53,0.07,5.29,1.17
Richaun Holmes,PHX,1184.0,0.86,1.84,0.88,1.88,0.04,2.78,1.02
Ricky Rubio,UTA,1867.0,6.15,7.92,7.45,9.6,0.1,7.67,1.21
Robert Covington,MIN,1203.0,1.31,1.39,1.51,1.59,0.04,2.83,1.15
Robin Lopez,CHI,1578.0,1.22,2.03,1.29,2.15,0.05,3.39,1.06
Rodions Kurucs,BKN,1294.0,0.83,1.39,1.02,1.72,0.04,2.76,1.24
Rodney Hood,POR,1893.0,1.75,2.5,1.92,2.75,0.06,4.19,1.1
Rodney McGruder,LAC,1550.0,1.7,2.64,1.98,3.09,0.06,4.66,1.17
Rondae Hollis-Jefferson,BKN,1234.0,1.63,2.77,1.81,3.07,0.04,3.12,1.11
Royce O'Neale,UTA,1660.0,1.51,2.69,1.93,3.45,0.08,5.68,1.28
Rudy Gay,SAS,1842.0,2.64,3.65,2.63,3.64,0.05,4.01,1.0
Rudy Gobert,UTA,2544.0,1.99,2.26,2.13,2.42,0.04,2.68,1.07
Russell Westbrook,OKC,2593.0,10.81,10.37,12.39,11.89,0.14,10.2,1.15
Ryan Arcidiacono,CHI,1939.0,3.3,5.07,3.47,5.32,0.08,6.17,1.05
Sam Dekker,WAS,769.0,0.96,2.12,1.18,2.62,0.05,3.75,1.23
Serge Ibaka,TOR,2010.0,1.34,1.8,1.45,1.95,0.03,2.31,1.08
Seth Curry,POR,1399.0,0.89,1.74,0.98,1.91,0.04,2.97,1.1
Shabazz Napier,BKN,983.0,2.55,5.25,3.0,6.18,0.08,6.16,1.18
Shai Gilgeous-Alexander,LAC,2174.0,3.29,4.43,3.64,4.9,0.07,5.08,1.11
Shaquille Harrison,CHI,1417.0,1.92,3.55,2.12,3.94,0.06,4.79,1.11
Shaun Livingston,GSW,967.0,1.78,4.33,1.99,4.84,0.07,5.07,1.12
Shelvin Mack,CHA,1247.0,3.21,5.54,3.61,6.23,0.07,5.16,1.12
Solomon Hill,NOP,879.0,1.25,2.21,1.46,2.58,0.05,3.93,1.17
Spencer Dinwiddie,BKN,1914.0,4.57,5.82,5.13,6.53,0.09,6.57,1.12
Stanley Johnson,NOP,1207.0,1.33,2.64,1.48,2.92,0.04,3.21,1.11
Stephen Curry,GSW,2331.0,5.23,5.42,5.88,6.09,0.08,5.74,1.12
Sterling Brown,MIL,1034.0,1.45,2.84,1.59,3.12,0.07,5.24,1.1
Steven Adams,OKC,2634.0,1.53,1.62,1.8,1.9,0.04,3.0,1.17
T.J. McConnell,PHI,1451.0,3.37,6.32,3.77,7.07,0.08,6.18,1.12
T.J. Warren,PHX,1360.0,1.49,1.69,1.7,1.93,0.03,2.08,1.14
Taj Gibson,MIN,1686.0,1.2,1.8,1.25,1.88,0.03,2.38,1.04
Taurean Prince,ATL,1552.0,2.15,2.63,2.44,2.99,0.07,5.42,1.14
Terrance Ferguson,OKC,1902.0,0.96,1.32,1.13,1.55,0.07,5.09,1.18
Terrence Ross,ORL,2098.0,1.71,2.31,1.99,2.68,0.06,4.48,1.16
Terry Rozier,BOS,1791.0,2.92,4.73,3.14,5.08,0.06,4.54,1.07
Thaddeus Young,IND,2489.0,2.52,3.08,2.86,3.5,0.06,4.26,1.14
Thomas Bryant,WAS,1481.0,1.3,2.2,1.5,2.54,0.04,3.18,1.16
Thon Maker,DET,972.0,0.7,1.71,0.73,1.77,0.03,2.3,1.04
Tim Frazier,MIL,1120.0,4.2,7.82,4.62,8.6,0.1,7.74,1.1
Tim Hardaway Jr.,DAL,2032.0,2.47,2.81,2.76,3.14,0.05,4.0,1.12
Timothe Luwawu-Cabarrot,CHI,669.0,0.52,1.39,0.6,1.61,0.04,2.96,1.16
Tobias Harris,PHI,2848.0,2.79,2.89,3.12,3.22,0.05,3.82,1.12
Tomas Satoransky,WAS,2133.0,4.99,6.63,5.73,7.62,0.1,7.52,1.15
Tony Parker,CHA,1003.0,3.7,7.5,4.15,8.42,0.1,7.59,1.12
Tony Snell,MIL,1304.0,0.92,1.85,1.04,2.1,0.05,3.86,1.14
Torrey Craig,DEN,1503.0,0.96,1.79,1.01,1.89,0.05,3.78,1.06
Trae Young,ATL,2503.0,8.06,9.07,9.46,10.65,0.12,8.73,1.17
Treveon Graham,BKN,715.0,0.97,1.68,1.1,1.91,0.04,2.91,1.14
Trevor Ariza,WAS,2310.0,3.6,3.86,4.12,4.41,0.08,5.83,1.14
Trey Burke,DAL,1125.0,2.74,5.18,2.96,5.59,0.07,5.07,1.08
Trey Lyles,DEN,1120.0,1.36,2.86,1.47,3.09,0.04,3.37,1.08
Tristan Thompson,CLE,1198.0,2.0,2.73,2.05,2.79,0.04,3.25,1.02
Troy Brown Jr.,WAS,720.0,1.55,3.91,1.77,4.47,0.09,6.72,1.14
Troy Daniels,PHX,760.0,0.51,1.24,0.61,1.47,0.03,2.36,1.19
Tyler Dorsey,MEM,698.0,1.17,2.86,1.45,3.56,0.07,5.52,1.24
Tyler Johnson,PHX,1529.0,2.91,3.96,3.26,4.44,0.07,5.04,1.12
Tyreke Evans,IND,1402.0,2.41,4.39,2.69,4.9,0.08,5.87,1.12
Tyrone Wallace,LAC,628.0,0.68,2.3,0.82,2.79,0.05,3.39,1.22
Tyson Chandler,LAL,875.0,0.67,1.49,0.64,1.43,0.03,2.55,0.95
Tyus Jones,MIN,1560.0,4.81,7.56,5.24,8.24,0.1,7.23,1.09
Victor Oladipo,IND,1147.0,5.17,6.04,5.53,6.46,0.09,6.76,1.07
Vince Carter,ATL,1330.0,1.14,2.27,1.34,2.65,0.04,3.17,1.17
Wayne Ellington,DET,1297.0,1.36,2.07,1.65,2.51,0.06,4.47,1.21
Wayne Selden,CHI,1439.0,1.45,2.79,1.56,3.0,0.07,4.98,1.07
Wendell Carter Jr.,CHI,1092.0,1.79,2.6,1.91,2.77,0.05,3.59,1.06
Wes Iwundu,ORL,1233.0,1.07,2.16,1.1,2.22,0.06,4.51,1.03
Wesley Matthews,IND,2091.0,2.32,2.8,2.53,3.05,0.07,5.24,1.09
Will Barton,DEN,1189.0,2.88,3.84,3.11,4.14,0.07,4.94,1.08
Willie Cauley-Stein,SAC,2213.0,2.4,3.06,2.56,3.27,0.06,4.33,1.07
Willy Hernangomez,CHA,812.0,1.03,2.65,1.25,3.21,0.04,2.93,1.21
Wilson Chandler,LAC,1142.0,1.64,2.49,1.88,2.86,0.06,4.71,1.15
Yogi Ferrell,SAC,1067.0,1.93,4.59,2.16,5.14,0.07,5.37,1.12
Zach Collins,POR,1356.0,0.92,1.94,1.03,2.16,0.04,2.72,1.12
Zach LaVine,CHI,2130.0,4.48,4.75,4.94,5.24,0.08,5.89,1.1
Zaza Pachulia,DET,878.0,1.34,3.9,1.32,3.86,0.06,4.77,0.99
